{
  "Sharpe": -0.09005417214925897,
  "MaxDD": -0.07332598322977002,
  "Calmar": NaN,
  "ProfitFactor": 0.9770770119839028,
  "CAGR_sim": NaN
}