{
  "Sharpe": -0.07970215934264102,
  "MaxDD": -0.07279419523994468,
  "Calmar": NaN,
  "ProfitFactor": 0.9796664153660517,
  "CAGR_sim": NaN
}