{
  "Sharpe": -0.0898423282308544,
  "MaxDD": -0.07285421645756274,
  "Calmar": NaN,
  "ProfitFactor": 0.9769828286439222,
  "CAGR_sim": NaN
}