{
  "Sharpe": -0.09163415187323039,
  "MaxDD": -0.07285421645756274,
  "Calmar": NaN,
  "ProfitFactor": 0.9765333147289745,
  "CAGR_sim": NaN
}