{
  "Sharpe": -0.08490637769620059,
  "MaxDD": -0.07227611733613626,
  "Calmar": NaN,
  "ProfitFactor": 0.9783181715968337,
  "CAGR_sim": NaN
}