{
  "Sharpe": -0.09568897854396595,
  "MaxDD": -0.07285421645756274,
  "Calmar": NaN,
  "ProfitFactor": 0.9755056939191277,
  "CAGR_sim": NaN
}