{
  "Sharpe": -0.09263933883881516,
  "MaxDD": -0.07218476721270828,
  "Calmar": NaN,
  "ProfitFactor": 0.9763769420620142,
  "CAGR_sim": NaN
}