{
  "Sharpe": -0.09478957676606606,
  "MaxDD": -0.07285421645756274,
  "Calmar": NaN,
  "ProfitFactor": 0.97573526274286,
  "CAGR_sim": NaN
}