{
  "Sharpe": -0.10411433311015576,
  "MaxDD": -0.07334094586703455,
  "Calmar": NaN,
  "ProfitFactor": 0.9734510480656562,
  "CAGR_sim": NaN
}